Submission id,Participant id,Status,Custom study tncs accepted at,Started at,Completed at,Reviewed at,Archived at,Time taken,Completion code,Total approvals,Age,Sex,Ethnicity simplified,Country of birth,Country of residence,Nationality,Language,Student status,Employment status
696ab2470f36a68e5b1e82a3,62d133496cf7f774b8bf98a0,APPROVED,Not Applicable,2026-01-16T21:49:12.374000Z,2026-01-16T22:04:09.736000Z,2026-01-17T03:30:10.635000Z,2026-01-16T22:04:10.153701Z,898.0,CNYPV5QR,6995,51,Female,White,United States,United States,United States,English,No,Other
696ab69c220ed471429fbe9b,5ffff3ac6fc9001772ea3312,APPROVED,Not Applicable,2026-01-16T22:07:32.681000Z,2026-01-16T22:14:19.513000Z,2026-01-17T03:30:10.894000Z,2026-01-16T22:14:20.030511Z,407.0,CNYPV5QR,5066,34,Female,White,United States,United States,United States,English,No,"Not in paid work (e.g. homemaker', 'retired or disabled)"
696abda4630c68c82d49d968,5a4bf09053a4560001ba0ebf,APPROVED,Not Applicable,2026-01-16T22:37:29.954000Z,2026-01-16T22:48:29.717000Z,2026-01-17T03:30:11.140000Z,2026-01-16T22:48:30.077687Z,660.0,CNYPV5QR,12986,38,Male,White,United States,United States,United States,English,No,Full-Time
696abda46b1cdebe8c0c598b,6310bf2d4897ec60e9079b63,APPROVED,Not Applicable,2026-01-16T22:37:30.216000Z,2026-01-16T22:47:20.316000Z,2026-01-17T03:30:11.480000Z,2026-01-16T22:47:20.670367Z,591.0,CNYPV5QR,5568,22,Female,Asian,United States,United States,United States,Chinese,No,DATA_EXPIRED
696abdac811edcf1cddf5552,6681cd8b12dcb4b45a155c03,APPROVED,Not Applicable,2026-01-16T22:39:19.428000Z,2026-01-16T22:49:24.540000Z,2026-01-17T03:30:11.784000Z,2026-01-16T22:49:35.874790Z,606.0,CNYPV5QR,2134,22,Prefer not to say,White,United States,United States,United States,English,DATA_EXPIRED,Part-Time
696abdaf3414463c99a9916c,5e437d7404eaba215eafbd2a,APPROVED,Not Applicable,2026-01-16T22:37:44.012000Z,2026-01-16T22:59:04.243000Z,2026-01-17T03:30:12.068000Z,2026-01-16T22:59:04.578475Z,1281.0,CNYPV5QR,9754,43,Female,White,United States,United States,United States,English,No,DATA_EXPIRED
696abdafad4ab291458d46cf,5b20c5e04c72120001f25dda,APPROVED,Not Applicable,2026-01-16T22:37:39.631000Z,2026-01-16T22:47:03.857000Z,2026-01-17T03:30:12.348000Z,2026-01-16T22:47:04.253324Z,565.0,CNYPV5QR,3387,38,Male,White,United States,United States,United States,English,Yes,Unemployed (and job seeking)
696abdb1958618d23e1e6565,5d4252914733ca0018ff29d7,APPROVED,Not Applicable,2026-01-16T22:37:41.514000Z,2026-01-16T22:55:43.148000Z,2026-01-17T03:30:12.603000Z,2026-01-16T22:55:43.493612Z,1082.0,CNYPV5QR,5275,58,Female,White,United States,United States,United States,English,No,"Not in paid work (e.g. homemaker', 'retired or disabled)"
696abdb24995b4b9c218a3af,67ca78ca7413c0e71f97c9ba,APPROVED,Not Applicable,2026-01-16T22:37:41.186000Z,2026-01-16T22:52:45.755000Z,2026-01-17T03:30:12.847000Z,2026-01-16T22:52:46.093389Z,905.0,CNYPV5QR,1985,34,Male,Other,United States,United States,United States,English,No,Full-Time
696abdb2f0d71245821e632f,5c31847f10677f0001ddc781,APPROVED,Not Applicable,2026-01-16T22:37:43.198000Z,2026-01-16T22:54:07.636000Z,2026-01-17T03:30:13.099000Z,2026-01-16T22:54:07.973022Z,985.0,CNYPV5QR,6411,41,Female,White,United States,United States,United States,English,No,Full-Time
696abdb2f356c178646e398b,60d7b3469a65ac7408cb9dd3,APPROVED,Not Applicable,2026-01-16T22:37:42.234000Z,2026-01-16T22:49:09.747000Z,2026-01-17T03:30:13.335000Z,2026-01-16T22:49:10.103091Z,688.0,CNYPV5QR,10405,62,Male,White,United States,United States,United States,English,No,Full-Time
696abdb58446f5a8e39d61fc,609ee7a707f13c414e5e87ec,APPROVED,Not Applicable,2026-01-16T22:37:41.697000Z,2026-01-16T22:49:20.564000Z,2026-01-17T03:30:14.184000Z,2026-01-16T22:49:29.452534Z,699.0,CNYPV5QR,6757,48,Female,White,United States,United States,United States,English,No,Full-Time
696abdba655fb37306451271,5b5c8d4e10aec90001ed4bee,APPROVED,Not Applicable,2026-01-16T22:37:51.894000Z,2026-01-16T22:44:24.926000Z,2026-01-17T03:30:14.432000Z,2026-01-16T22:44:25.245944Z,394.0,CNYPV5QR,4179,26,Female,White,United States,United States,United States,English,No,Full-Time
696abdbb336f6d45d715a0dc,694587bf33d102941b804de3,APPROVED,Not Applicable,2026-01-16T22:37:53.971000Z,2026-01-16T22:48:24.274000Z,2026-01-17T03:30:14.675000Z,2026-01-16T22:48:24.610371Z,631.0,CNYPV5QR,296,62,Female,White,United States,United States,United States,English,No,"Not in paid work (e.g. homemaker', 'retired or disabled)"
696abdc29e9ee0a477f15724,669b46825041be036247d1a2,APPROVED,Not Applicable,2026-01-16T22:37:58.936000Z,2026-01-16T22:54:36.367000Z,2026-01-17T03:30:14.933000Z,2026-01-16T22:54:36.743344Z,998.0,CNYPV5QR,3264,40,Female,White,United States,United States,United States,English,No,"Not in paid work (e.g. homemaker', 'retired or disabled)"
696abdc44aa9c65700b7dba0,63052f20afc39e87110eb83e,APPROVED,Not Applicable,2026-01-16T22:37:56.884000Z,2026-01-16T22:58:36.577000Z,2026-01-17T03:30:15.196000Z,2026-01-16T22:58:36.901728Z,1240.0,CNYPV5QR,5988,47,Male,Black,Barbados,United States,United States,English,DATA_EXPIRED,DATA_EXPIRED
696abdc49aabb4e0fac10328,5c2dae2110677f0001dd1137,APPROVED,Not Applicable,2026-01-16T22:37:59.113000Z,2026-01-16T22:48:35.776000Z,2026-01-17T03:30:15.446000Z,2026-01-16T22:48:36.123727Z,637.0,CNYPV5QR,12746,42,Male,White,United States,United States,United States,English,No,Full-Time
696abdc6abbcb64c45da8693,65c25e3de8b230c294f2b32c,APPROVED,Not Applicable,2026-01-16T22:37:58.438000Z,2026-01-16T22:52:17.830000Z,2026-01-17T03:30:15.697000Z,2026-01-16T22:52:18.187355Z,860.0,CNYPV5QR,3830,52,Female,White,United States,United States,United States,English,No,Full-Time
696abdcc16b87f7dd9398de5,63f8ce09e792bf06684febec,APPROVED,Not Applicable,2026-01-16T22:43:30.105000Z,2026-01-16T22:51:51.450000Z,2026-01-17T03:30:15.970000Z,2026-01-16T22:51:51.868175Z,502.0,CNYPV5QR,4343,34,Male,Other,United States,United States,United States,English,Yes,Part-Time
696abdd204c217dcb3fb2183,6521ab1c4a2ffd6c21a3b662,APPROVED,Not Applicable,2026-01-16T22:38:14.098000Z,2026-01-16T22:46:30.222000Z,2026-01-17T03:30:16.278000Z,2026-01-16T22:46:30.553871Z,497.0,CNYPV5QR,2866,26,Female,Asian,United States,United States,United States,English,DATA_EXPIRED,DATA_EXPIRED
696abdded2c76e6071ccf867,5bb9807fe04fca0001436211,APPROVED,Not Applicable,2026-01-16T22:38:27.549000Z,2026-01-16T22:49:34.846000Z,2026-01-17T03:30:16.546000Z,2026-01-16T22:49:36.227426Z,668.0,CNYPV5QR,2293,52,Female,White,United States,United States,United States,English,No,"Not in paid work (e.g. homemaker', 'retired or disabled)"
696abdf3d4482b510157be6e,66520f31e4b5df0b6b365ed3,APPROVED,Not Applicable,2026-01-16T22:38:48.321000Z,2026-01-16T22:59:38.056000Z,2026-01-17T03:30:16.816000Z,2026-01-16T22:59:38.395070Z,1250.0,CNYPV5QR,1786,48,Female,Asian,United States,United States,United States,English,No,Full-Time
696abe3b39c7ecf9bdfb2a3f,671bf57baf2c2374636a8c4d,APPROVED,Not Applicable,2026-01-16T22:40:00.732000Z,2026-01-16T22:49:30.373000Z,2026-01-17T03:30:17.086000Z,2026-01-16T22:49:36.014306Z,570.0,CNYPV5QR,3993,52,Male,White,United States,United States,United States,English,No,Full-Time
696abe42302cc68ae59407b8,678e9e2ffd972545982440e9,APPROVED,Not Applicable,2026-01-16T22:40:04.576000Z,2026-01-16T22:49:35.407000Z,2026-01-17T03:30:17.339000Z,2026-01-16T22:49:36.054554Z,571.0,CNYPV5QR,496,34,Male,White,United States,United States,United States,English,No,Full-Time
696abe54037376da3f9c4ab5,651f8c9561bba4367911484c,APPROVED,Not Applicable,2026-01-16T22:40:24.534000Z,2026-01-16T22:47:49.413000Z,2026-01-17T03:30:17.625000Z,2026-01-16T22:47:49.753678Z,445.0,CNYPV5QR,1241,39,Male,Asian,United States,United States,Philippines,English,No,Part-Time
696abe5cb81a801cd16e3f30,6562177a48308eebbb6359ea,APPROVED,Not Applicable,2026-01-16T22:40:32.940000Z,2026-01-16T22:52:20.820000Z,2026-01-17T03:30:17.891000Z,2026-01-16T22:52:21.203104Z,708.0,CNYPV5QR,8982,53,Male,White,United States,United States,United States,English,No,Full-Time
696abe684d2ee252aed8b5d8,5f49f3262a3d07563d14a7f1,APPROVED,Not Applicable,2026-01-16T22:40:45.759000Z,2026-01-16T23:00:29.116000Z,2026-01-17T03:30:18.142000Z,2026-01-16T23:00:29.462600Z,1184.0,CNYPV5QR,7525,31,Male,White,United States,United States,United States,English,DATA_EXPIRED,DATA_EXPIRED
696abe6fd297e16f26d56421,696045a3e464213c52ceb0bd,APPROVED,Not Applicable,2026-01-16T22:40:58.330000Z,2026-01-16T22:54:55.392000Z,2026-01-17T03:30:18.401000Z,2026-01-16T22:54:55.763145Z,838.0,CNYPV5QR,179,37,Male,White,United States,United States,United States,English,No,Unemployed (and job seeking)
696abe70c20590b561d7565a,67a62f17a81104f3f22f32e8,APPROVED,Not Applicable,2026-01-16T22:40:52.909000Z,2026-01-16T22:50:13.051000Z,2026-01-17T03:30:18.665000Z,2026-01-16T22:50:13.445982Z,561.0,CNYPV5QR,3737,46,Male,Mixed,United States,United States,United States,English,No,Full-Time
696abe80ffcf206851d8a5aa,6757069f8e2b810b4fabd66b,APPROVED,Not Applicable,2026-01-16T22:41:08.316000Z,2026-01-16T23:13:43.530000Z,2026-01-17T03:30:18.952000Z,2026-01-16T23:13:43.864168Z,1956.0,CNYPV5QR,3504,47,Male,White,United States,United States,United States,English,DATA_EXPIRED,DATA_EXPIRED
696abe8b5bb6f5a7cdc0e369,65d108195f912aa497e054c5,APPROVED,Not Applicable,2026-01-16T22:41:22.630000Z,2026-01-16T22:52:38.495000Z,2026-01-17T03:30:19.208000Z,2026-01-16T22:52:38.827944Z,676.0,CNYPV5QR,2002,28,Female,Asian,United States,United States,United States,English,No,Full-Time
696abebea52225f265d56d6d,5fa2b9a3c1d67f3a311db672,APPROVED,Not Applicable,2026-01-16T22:42:10.849000Z,2026-01-16T22:49:17.348000Z,2026-01-17T03:30:19.453000Z,2026-01-16T22:49:17.876390Z,427.0,CNYPV5QR,6369,28,Female,White,United States,United States,United States,English,No,Full-Time
696abec4d427f7bf31186010,5eb080ccaf87d11143472477,APPROVED,Not Applicable,2026-01-16T22:42:50.087000Z,2026-01-16T22:52:24.894000Z,2026-01-17T03:30:19.708000Z,2026-01-16T22:52:25.252511Z,575.0,CNYPV5QR,8246,27,Female,Mixed,United States,United States,United States,English,Yes,Full-Time
696abec54f888ded940d9397,62f58a7129fb13cf46a08ae0,APPROVED,Not Applicable,2026-01-16T22:42:16.792000Z,2026-01-16T22:49:07.510000Z,2026-01-17T03:30:19.965000Z,2026-01-16T22:49:07.894577Z,411.0,CNYPV5QR,4261,32,Male,White,United States,United States,United States,English,No,Other
696abed09a91291d653013fd,61118b5fd788969295997051,APPROVED,Not Applicable,2026-01-16T22:42:30.168000Z,2026-01-16T22:51:27.751000Z,2026-01-17T03:30:20.218000Z,2026-01-16T22:51:28.108944Z,538.0,CNYPV5QR,1516,22,Female,White,United States,United States,United States,English,Yes,Full-Time
696abed2fc8f46fc9a65e269,66e5e0262fb2c24edceb8e26,APPROVED,Not Applicable,2026-01-16T22:42:30.243000Z,2026-01-16T22:50:22.216000Z,2026-01-17T03:30:20.465000Z,2026-01-16T22:50:22.554254Z,472.0,CNYPV5QR,1247,36,Male,Other,Egypt,United States,United States,English,No,Full-Time
696abed8e4fb944b176312b6,6166c0eb123b6e8b34628249,APPROVED,Not Applicable,2026-01-16T22:44:35.241000Z,2026-01-16T22:55:07.344000Z,2026-01-17T03:30:20.716000Z,2026-01-16T22:55:07.679071Z,633.0,CNYPV5QR,7281,28,Female,Black,United States,United States,United States,English,Yes,Part-Time
696abf3b515624f34645dbe0,612bfe71a97242127201bc3b,APPROVED,Not Applicable,2026-01-16T22:44:18.155000Z,2026-01-16T22:53:54.218000Z,2026-01-17T03:30:20.970000Z,2026-01-16T22:53:54.568629Z,577.0,CNYPV5QR,5711,53,Female,White,United States,United States,United States,English,No,Full-Time
696abf4422cef82d40f8426d,694553e6d56e27176c33daf0,APPROVED,Not Applicable,2026-01-16T22:44:23.671000Z,2026-01-16T22:53:27.339000Z,2026-01-17T03:30:21.228000Z,2026-01-16T22:53:27.716443Z,544.0,CNYPV5QR,147,29,Female,Mixed,United States,United States,United States,English,No,Full-Time
696abf816f8075d4738f3110,66537b0010ca11939058e52b,APPROVED,Not Applicable,2026-01-16T22:45:26.849000Z,2026-01-16T22:55:33.311000Z,2026-01-17T03:30:21.485000Z,2026-01-16T22:55:33.640041Z,607.0,CNYPV5QR,2405,52,Female,White,United States,United States,United States,English,No,Full-Time
696abfb66cdbe474487d1105,677fea44f0780e29406c0f6a,APPROVED,Not Applicable,2026-01-16T22:46:26.859000Z,2026-01-16T23:00:12.259000Z,2026-01-17T03:30:21.775000Z,2026-01-16T23:00:12.610436Z,826.0,CNYPV5QR,3361,45,Female,White,United States,United States,United States,English,No,Other
696abfba4f371bc664c7b6b8,66293a86e40515e886439323,APPROVED,Not Applicable,2026-01-16T22:46:25.077000Z,2026-01-16T22:56:03.609000Z,2026-01-17T03:30:22.038000Z,2026-01-16T22:56:03.964510Z,579.0,CNYPV5QR,3373,47,Female,White,United States,United States,United States,English,No,Full-Time
696abfc89037fe61bb88ad30,6715f06f11bee12130540557,APPROVED,Not Applicable,2026-01-16T22:46:35.346000Z,2026-01-16T22:56:09.139000Z,2026-01-17T03:30:22.296000Z,2026-01-16T22:56:09.525048Z,574.0,CNYPV5QR,1470,40,Male,White,United States,United States,United States,English,No,Full-Time
696ac01c630c68c82d49d9a1,59d1e366faf42e00012b6c1c,APPROVED,Not Applicable,2026-01-16T22:48:02.781000Z,2026-01-16T22:59:30.683000Z,2026-01-17T03:30:22.569000Z,2026-01-16T22:59:31.038018Z,688.0,CNYPV5QR,13707,58,Female,Mixed,United States,United States,United States,English,No,"Not in paid work (e.g. homemaker', 'retired or disabled)"
696ac02fe4a439efa2671fd7,5ff4ca96b890b17654aaf97c,APPROVED,Not Applicable,2026-01-16T22:48:21.021000Z,2026-01-16T22:58:01.423000Z,2026-01-17T03:30:22.827000Z,2026-01-16T22:58:01.740476Z,581.0,CNYPV5QR,260,42,Female,Black,United States,United States,United States,English,No,Part-Time
696ac03c463c1411cdc9f0c0,66e3740c4bc40251bdd0667a,APPROVED,Not Applicable,2026-01-16T22:48:32.105000Z,2026-01-16T22:59:45.252000Z,2026-01-17T03:30:23.109000Z,2026-01-16T22:59:45.579288Z,674.0,CNYPV5QR,213,33,Female,White,United States,United States,United States,English,No,"Not in paid work (e.g. homemaker', 'retired or disabled)"
696ac04f82677e9f80ed3f1a,691f52df3b1d1376095b0d0c,APPROVED,Not Applicable,2026-01-16T22:48:51.240000Z,2026-01-16T22:58:13.467000Z,2026-01-17T03:30:23.391000Z,2026-01-16T22:58:13.813354Z,563.0,CNYPV5QR,115,49,Female,White,France,United States,United States,French,No,Other
696ac0d1c74a3fe98f0cc27e,60171c9b1a726593103182b3,APPROVED,Not Applicable,2026-01-16T22:51:03.144000Z,2026-01-16T23:01:24.688000Z,2026-01-17T03:30:23.654000Z,2026-01-16T23:01:25.044985Z,622.0,CNYPV5QR,7581,52,Male,White,United States,United States,United States,English,DATA_EXPIRED,DATA_EXPIRED
696ac0d4aef987622a1af80e,5e2d295390840b3279624b90,APPROVED,Not Applicable,2026-01-16T22:51:04.063000Z,2026-01-16T23:02:30.433000Z,2026-01-17T03:30:23.922000Z,2026-01-16T23:02:30.773078Z,687.0,CNYPV5QR,4759,74,Female,White,United States,United States,United States,English,No,"Not in paid work (e.g. homemaker', 'retired or disabled)"
696ac0df00d1d6752ebbac29,665a3404692f5710014a3f57,APPROVED,Not Applicable,2026-01-16T22:51:17.212000Z,2026-01-16T23:00:08.664000Z,2026-01-17T03:30:24.171000Z,2026-01-16T23:00:08.995426Z,532.0,CNYPV5QR,941,22,Female,Black,United States,United States,United States,English,DATA_EXPIRED,DATA_EXPIRED
696ac0e0efa6d06769ac3fc6,6942cdbe08f75d111bb9713d,APPROVED,Not Applicable,2026-01-16T22:51:16.644000Z,2026-01-16T23:01:15.806000Z,2026-01-17T03:30:24.432000Z,2026-01-16T23:01:16.215046Z,600.0,CNYPV5QR,555,55,Male,White,United States,United States,United States,English,No,Other
696ac127b33aeae2708a21fb,59205f5005b0ce000123c6e6,APPROVED,Not Applicable,2026-01-16T22:52:26.086000Z,2026-01-16T23:05:49.965000Z,2026-01-17T03:30:24.666000Z,2026-01-16T23:05:50.335103Z,804.0,CNYPV5QR,1134,43,Male,White,United States,United States,United States,English,No,Unemployed (and job seeking)
696ac178ab79500fa9a8e401,5cb128db0d14d3001838eef5,APPROVED,Not Applicable,2026-01-16T22:53:47.960000Z,2026-01-16T23:04:06.146000Z,2026-01-17T03:30:24.909000Z,2026-01-16T23:04:06.514928Z,619.0,CNYPV5QR,9924,54,Female,Asian,United States,United States,United States,Korean,No,Part-Time
696ac18e09366a53dbaeb5d2,5e8a1827052175000938eb91,APPROVED,Not Applicable,2026-01-16T22:54:09.774000Z,2026-01-16T23:00:59.044000Z,2026-01-17T03:30:25.152000Z,2026-01-16T23:00:59.403311Z,410.0,CNYPV5QR,7437,27,Male,White,United States,United States,United States,English,DATA_EXPIRED,DATA_EXPIRED
696ac1e314a0d155c94ef725,6658a148b6c6e88e24cca4e2,APPROVED,Not Applicable,2026-01-16T22:55:35.164000Z,2026-01-16T23:05:06.563000Z,2026-01-17T03:30:25.390000Z,2026-01-16T23:05:06.908482Z,572.0,CNYPV5QR,1273,36,Male,White,United States,United States,United States,English,DATA_EXPIRED,DATA_EXPIRED
696ac20b62786a3807713ffe,67be4c756ba3a15a47e60356,APPROVED,Not Applicable,2026-01-16T22:56:33.426000Z,2026-01-16T23:08:21.349000Z,2026-01-17T03:30:25.628000Z,2026-01-16T23:08:21.686923Z,708.0,CNYPV5QR,1970,58,Female,White,United States,United States,United States,English,No,DATA_EXPIRED
696ac2c83c51149d4f662667,5da88a6037d42100144928bd,APPROVED,Not Applicable,2026-01-16T22:59:20.619000Z,2026-01-16T23:13:15.652000Z,2026-01-17T03:30:25.956000Z,2026-01-16T23:13:15.981875Z,836.0,CNYPV5QR,9295,49,Male,White,United States,United States,United States,English,No,Full-Time
696ac30f3afb4f11d078756e,65ca7b52b557f4aa965301ef,APPROVED,Not Applicable,2026-01-16T23:03:08.214000Z,2026-01-16T23:11:10.402000Z,2026-01-17T03:30:26.281000Z,2026-01-16T23:11:10.759752Z,483.0,CNYPV5QR,4272,42,Female,Black,United States,United States,United States,English,Yes,Other
696ac3660081090f518d4bdf,6543f753696f612571ac356c,APPROVED,Not Applicable,2026-01-16T23:02:03.923000Z,2026-01-16T23:44:15.068000Z,2026-01-17T03:30:26.548000Z,2026-01-16T23:44:15.411153Z,2532.0,CNYPV5QR,3114,55,Female,White,United States,United States,United States,English,No,Full-Time
696ac3834705591e6315e64f,66aba95407d5b1630abb7bb0,APPROVED,Not Applicable,2026-01-16T23:02:33.420000Z,2026-01-16T23:11:16.655000Z,2026-01-17T03:30:26.816000Z,2026-01-16T23:11:16.999840Z,524.0,CNYPV5QR,1777,34,Male,Black,United States,United States,United States,English,No,Full-Time
696ac41b8ce72682b39fc313,6174b049932ee98236563b51,APPROVED,Not Applicable,2026-01-16T23:05:48.978000Z,2026-01-16T23:21:46.952000Z,2026-01-17T03:30:27.057000Z,2026-01-16T23:21:47.317538Z,958.0,CNYPV5QR,4989,59,Female,White,United States,United States,United States,English,DATA_EXPIRED,DATA_EXPIRED
696ac45574c6af7a2bd73067,672adb2909ca72744f212a7d,APPROVED,Not Applicable,2026-01-16T23:05:57.336000Z,2026-01-16T23:15:39.043000Z,2026-01-17T03:30:27.310000Z,2026-01-16T23:15:39.386747Z,582.0,CNYPV5QR,5287,56,Male,White,United States,United States,United States,English,No,Unemployed (and job seeking)
696ac464662662a29c0c9d19,6529648ca1ade4b6c9e876f4,APPROVED,Not Applicable,2026-01-16T23:06:17.730000Z,2026-01-16T23:14:25.870000Z,2026-01-17T03:30:27.670000Z,2026-01-16T23:14:26.202831Z,489.0,CNYPV5QR,5441,56,Female,Mixed,United States,United States,United States,English,No,Part-Time
696ac46dc8253a71b26379e0,5b012b19293d310001023590,APPROVED,Not Applicable,2026-01-16T23:06:25.178000Z,2026-01-16T23:18:21.190000Z,2026-01-17T03:30:27.982000Z,2026-01-16T23:18:21.548372Z,717.0,CNYPV5QR,3154,35,Male,White,United States,United States,United States,English,No,Full-Time
696ac47af7eee313340cc1b0,6405feae7d6321bfaaf793e8,APPROVED,Not Applicable,2026-01-16T23:06:39.544000Z,2026-01-16T23:13:00.821000Z,2026-01-17T03:30:28.261000Z,2026-01-16T23:13:01.241683Z,382.0,CNYPV5QR,9972,36,Female,White,United States,United States,United States,English,No,DATA_EXPIRED
696ac4d59417ae641b8a282d,672edcfc36facd5b8d65d53d,APPROVED,Not Applicable,2026-01-16T23:08:13.445000Z,2026-01-16T23:15:39.727000Z,2026-01-17T03:30:28.530000Z,2026-01-16T23:15:40.085476Z,447.0,CNYPV5QR,364,25,Female,White,United States,United States,United States,English,DATA_EXPIRED,DATA_EXPIRED
696ac4db25dc398f8705346a,5c7ea67cdbc25f0016972c1b,APPROVED,Not Applicable,2026-01-16T23:08:38.753000Z,2026-01-16T23:22:48.572000Z,2026-01-17T03:30:28.782000Z,2026-01-16T23:22:48.902710Z,850.0,CNYPV5QR,837,33,Female,White,United States,United States,United States,English,No,Full-Time
696ac4e4c4b81bcb89c03dce,614e5092e08a3a2d3204ffd2,APPROVED,Not Applicable,2026-01-16T23:08:25.560000Z,2026-01-16T23:15:55.181000Z,2026-01-17T03:30:29.027000Z,2026-01-16T23:15:55.531165Z,450.0,CNYPV5QR,2523,25,Male,White,United States,United States,United States,English,No,Unemployed (and job seeking)
696ac501bd42fa04e1f52eaf,693b107113e251a972ba0527,APPROVED,Not Applicable,2026-01-16T23:08:53.868000Z,2026-01-16T23:16:37.687000Z,2026-01-17T03:30:29.260000Z,2026-01-16T23:16:38.044663Z,464.0,CNYPV5QR,107,32,Female,White,United States,United States,DATA_EXPIRED,English,No,Full-Time
696ac54fc33adb78ee7681b2,653ed34dfa601f3952c72ed4,APPROVED,Not Applicable,2026-01-16T23:10:11.669000Z,2026-01-16T23:25:39.286000Z,2026-01-17T03:30:29.492000Z,2026-01-16T23:25:39.660431Z,928.0,CNYPV5QR,616,25,Female,DATA_EXPIRED,United States,United States,United States,English,No,"Not in paid work (e.g. homemaker', 'retired or disabled)"
696ac5d9b4b9fc5e5293be44,6272ab12b3d9c61d2271db8d,APPROVED,Not Applicable,2026-01-16T23:12:28.033000Z,2026-01-16T23:22:42.127000Z,2026-01-17T03:30:29.735000Z,2026-01-16T23:22:42.473818Z,615.0,CNYPV5QR,4891,43,Male,White,United States,United States,United States,English,DATA_EXPIRED,DATA_EXPIRED
696ac63c22b4fd6264f03c97,5dceeba4144b510411fb4566,APPROVED,Not Applicable,2026-01-16T23:14:08.602000Z,2026-01-16T23:26:46.628000Z,2026-01-17T03:30:29.973000Z,2026-01-16T23:26:46.964332Z,759.0,CNYPV5QR,5032,40,Female,White,United States,United States,United States,English,No,Full-Time
696ac64805e673dab2312b09,61282ca83be28773ac7c421f,APPROVED,Not Applicable,2026-01-16T23:14:24.485000Z,2026-01-16T23:40:39.074000Z,2026-01-17T03:30:30.230000Z,2026-01-16T23:40:39.397806Z,1575.0,CNYPV5QR,5356,45,Female,White,United States,United States,United States,English,No,Full-Time
696ac64990f2123351b9d329,675660c1ce75fb95cfe069c2,APPROVED,Not Applicable,2026-01-16T23:14:20.820000Z,2026-01-16T23:21:32.991000Z,2026-01-17T03:30:30.458000Z,2026-01-16T23:21:33.354611Z,433.0,CNYPV5QR,1735,47,Female,White,United States,United States,United States,English,No,Part-Time
696ac6c14b449a0440e224ad,66f46179fa81f408915abaaa,APPROVED,Not Applicable,2026-01-16T23:16:22.313000Z,2026-01-16T23:23:39.983000Z,2026-01-17T03:30:30.696000Z,2026-01-16T23:23:40.338008Z,438.0,CNYPV5QR,1454,34,Female,White,United States,United States,United States,English,No,Part-Time
696ac7c5441d09579ec5fd6a,671165ce01cd9c2699b90dc1,APPROVED,Not Applicable,2026-01-16T23:21:31.545000Z,2026-01-16T23:34:37.642000Z,2026-01-17T03:30:30.927000Z,2026-01-16T23:34:37.989411Z,787.0,CNYPV5QR,2143,34,Female,White,United States,United States,United States,English,No,Full-Time
696ac94536718aa4e0034386,66c0f464e0ff62798027b486,APPROVED,Not Applicable,2026-01-16T23:27:15.298000Z,2026-01-16T23:39:49.537000Z,2026-01-17T03:30:31.159000Z,2026-01-16T23:39:49.885272Z,755.0,CNYPV5QR,5376,25,Male,Mixed,United States,United States,United States,English,Yes,Part-Time
696ac956a84c5f9d4a931096,66a9843c53827f826e9738ed,APPROVED,Not Applicable,2026-01-16T23:28:31.875000Z,2026-01-16T23:40:15.695000Z,2026-01-17T03:30:31.455000Z,2026-01-16T23:40:16.071605Z,704.0,CNYPV5QR,2883,44,Female,White,United States,United States,United States,English,DATA_EXPIRED,DATA_EXPIRED
696ac98cf332d3cdc71f8457,61517db6a7589569521b2356,APPROVED,Not Applicable,2026-01-16T23:28:12.249000Z,2026-01-16T23:40:17.036000Z,2026-01-17T03:30:31.699000Z,2026-01-16T23:40:17.404490Z,725.0,CNYPV5QR,1451,64,Male,White,United States,United States,United States,English,No,"Not in paid work (e.g. homemaker', 'retired or disabled)"
696ac9bd80b2654dfd44692d,6750f7eb7c60e2b2c22aeaea,APPROVED,Not Applicable,2026-01-16T23:29:01.405000Z,2026-01-16T23:40:54.309000Z,2026-01-17T03:30:33.281000Z,2026-01-16T23:40:54.670409Z,713.0,CNYPV5QR,1831,33,Male,White,United States,United States,United States,English,DATA_EXPIRED,DATA_EXPIRED
696aca74128b03f0fe499b39,6424c007ad9d5e917aa16a2b,APPROVED,Not Applicable,2026-01-16T23:32:07.721000Z,2026-01-16T23:42:32.793000Z,2026-01-17T03:30:33.581000Z,2026-01-16T23:42:33.150764Z,626.0,CNYPV5QR,1354,42,Male,DATA_EXPIRED,United States,United States,United States,English,DATA_EXPIRED,DATA_EXPIRED
696acb08c147a6f8c9eb49f0,65612a45629022b7c905ef6c,APPROVED,Not Applicable,2026-01-16T23:34:36.201000Z,2026-01-16T23:54:14.258000Z,2026-01-17T03:30:33.838000Z,2026-01-16T23:54:14.606343Z,1179.0,CNYPV5QR,3188,49,Female,Black,United States,United States,United States,English,No,Unemployed (and job seeking)
696acb87c173f512c1787521,675d9d043beb7d0077f15274,APPROVED,Not Applicable,2026-01-16T23:37:17.722000Z,2026-01-16T23:49:24.972000Z,2026-01-17T03:30:34.076000Z,2026-01-16T23:49:25.327083Z,728.0,CNYPV5QR,1220,53,Female,Mixed,United States,United States,United States,English,No,Part-Time
696acc5ec255e954921e50d5,66999b706aa1ff4d31fa559a,APPROVED,Not Applicable,2026-01-16T23:40:18.842000Z,2026-01-16T23:47:22.400000Z,2026-01-17T03:30:34.339000Z,2026-01-16T23:47:22.738305Z,424.0,CNYPV5QR,1202,38,Female,White,United States,United States,United States,English,No,Full-Time
696ace245545219f1d7376b9,66dcb77e1afbc2e7fa393b87,APPROVED,Not Applicable,2026-01-16T23:49:14.875000Z,2026-01-17T00:01:10.135000Z,2026-01-17T03:30:34.584000Z,2026-01-17T00:01:10.507825Z,716.0,CNYPV5QR,4717,46,Male,Mixed,United States,United States,United States,English,No,Full-Time
696ace41866d4fb03116867a,67ba639b05429eebb9d8927f,APPROVED,Not Applicable,2026-01-16T23:48:22.277000Z,2026-01-16T23:55:30.725000Z,2026-01-17T03:30:34.850000Z,2026-01-16T23:55:31.042731Z,429.0,CNYPV5QR,3355,52,Female,White,United States,United States,United States,English,No,"Not in paid work (e.g. homemaker', 'retired or disabled)"
696ad031e81e746a03d73ccc,662eeeb09572de78ffb440b1,APPROVED,Not Applicable,2026-01-16T23:56:38.639000Z,2026-01-17T00:05:42.140000Z,2026-01-17T03:30:35.099000Z,2026-01-17T00:05:42.491801Z,544.0,CNYPV5QR,4001,50,Female,White,United States,United States,United States,English,No,DATA_EXPIRED
696ad43ee7ca4542239a31bb,5b6d9fa021dca60001d13f02,APPROVED,Not Applicable,2026-01-17T00:13:58.346000Z,2026-01-17T00:22:23.068000Z,2026-01-17T03:30:35.354000Z,2026-01-17T00:22:23.445758Z,505.0,CNYPV5QR,3712,41,Female,White,United States,United States,United States,English,Yes,Full-Time
696ad48cfc27802ac447d167,6680a001ac541835a7e00e4b,APPROVED,Not Applicable,2026-01-17T00:15:14.217000Z,2026-01-17T00:25:09.101000Z,2026-01-17T03:30:35.607000Z,2026-01-17T00:25:09.449254Z,595.0,CNYPV5QR,1913,58,Female,White,United States,United States,United States,English,No,"Not in paid work (e.g. homemaker', 'retired or disabled)"
696ad4f0871d8d771e38e7ae,66f578343a3ef5afed111fb9,APPROVED,Not Applicable,2026-01-17T00:16:59.519000Z,2026-01-17T00:32:59.729000Z,2026-01-17T03:30:35.856000Z,2026-01-17T00:33:00.087438Z,961.0,CNYPV5QR,4161,47,Female,Black,United States,United States,United States,English,No,Part-Time
696ad72b6d8a7a127311b632,691dfaf764d87fff5030d0ca,APPROVED,Not Applicable,2026-01-17T00:26:23.949000Z,2026-01-17T00:38:37.044000Z,2026-01-17T03:30:36.205000Z,2026-01-17T00:38:37.421182Z,734.0,CNYPV5QR,944,31,Female,White,United States,United States,United States,English,No,Full-Time
696ad93437e5b30fae9a34f6,671877457b87685e1d42f63c,APPROVED,Not Applicable,2026-01-17T00:35:00.465000Z,2026-01-17T00:42:04.182000Z,2026-01-17T03:30:36.634000Z,2026-01-17T00:42:04.536240Z,424.0,CNYPV5QR,1602,45,Female,Black,United States,United States,United States,English,No,Other
696ad9f3cc26745cb88ace3a,5e38e49a8445881060c60eaf,APPROVED,Not Applicable,2026-01-17T00:38:15.620000Z,2026-01-17T00:59:05.481000Z,2026-01-17T03:30:36.882000Z,2026-01-17T00:59:05.814868Z,1250.0,CNYPV5QR,2473,53,Female,White,United States,United States,United States,English,No,Part-Time
696ada3f290b6b3e29995996,5a9dd8b1873cda00010d18c5,APPROVED,Not Applicable,2026-01-17T00:39:33.513000Z,2026-01-17T00:54:04.530000Z,2026-01-17T03:30:37.135000Z,2026-01-17T00:54:04.857751Z,872.0,CNYPV5QR,3142,32,Female,White,United States,United States,United States,English,DATA_EXPIRED,Full-Time
696addc05164196640b9f6d0,59c0782e5364260001dc4740,APPROVED,Not Applicable,2026-01-17T00:54:28.979000Z,2026-01-17T01:04:16.398000Z,2026-01-17T03:30:37.442000Z,2026-01-17T01:04:16.765553Z,588.0,CNYPV5QR,8813,62,Female,Black,United States,United States,United States,English,No,"Not in paid work (e.g. homemaker', 'retired or disabled)"
696ae4465a4e4f3244c91439,650b03136ab3d4c832d98b71,APPROVED,Not Applicable,2026-01-17T01:22:18.595000Z,2026-01-17T01:33:29.006000Z,2026-01-17T03:30:37.706000Z,2026-01-17T01:33:29.341542Z,671.0,CNYPV5QR,14352,32,Male,Other,Israel,United States,United States,Hebrew,No,Part-Time
696ae4543fc7bcad295aeabb,69453bd02b59de54f5fd947d,APPROVED,Not Applicable,2026-01-17T01:22:32.963000Z,2026-01-17T01:31:52.197000Z,2026-01-17T03:30:37.956000Z,2026-01-17T01:31:52.690079Z,560.0,CNYPV5QR,447,36,Female,White,United States,United States,United States,English,Yes,Full-Time
696ae5f3069b146d5694a5e7,5563984afdf99b672b5749b6,APPROVED,Not Applicable,2026-01-17T01:29:23.921000Z,2026-01-17T02:05:08.925000Z,2026-01-17T03:30:38.201000Z,2026-01-17T02:05:09.294251Z,2146.0,CNYPV5QR,7985,44,Male,Mixed,United States,United States,United States,English,DATA_EXPIRED,DATA_EXPIRED
696ae73d38554466c79b8ae0,677441a5a25986a441e0f921,APPROVED,Not Applicable,2026-01-17T01:34:57.395000Z,2026-01-17T01:48:17.940000Z,2026-01-17T03:30:38.468000Z,2026-01-17T01:48:18.319640Z,801.0,CNYPV5QR,830,49,Prefer not to say,Other,United States,United States,United States,English,No,"Not in paid work (e.g. homemaker', 'retired or disabled)"
696aecffd6c7f0b19c013d34,676cda38d41e0a0ffae1fa4a,APPROVED,Not Applicable,2026-01-17T01:59:43.241000Z,2026-01-17T02:07:41.784000Z,2026-01-17T03:30:38.715000Z,2026-01-17T02:07:42.218764Z,479.0,CNYPV5QR,856,22,Female,White,United States,United States,United States,English,Yes,Part-Time
696aaf91650d26fe7e94a4d9,63d7b127485d5655e70c8282,RETURNED,Not Applicable,2026-01-16T21:40:10.817000Z,,,,,,1834,CONSENT_REVOKED,CONSENT_REVOKED,CONSENT_REVOKED,CONSENT_REVOKED,CONSENT_REVOKED,CONSENT_REVOKED,CONSENT_REVOKED,CONSENT_REVOKED,CONSENT_REVOKED
696abda6fc1e9119bf07b450,653f2424042d03012eb92ef5,RETURNED,Not Applicable,2026-01-16T22:44:05.519000Z,,,,,,5560,CONSENT_REVOKED,CONSENT_REVOKED,CONSENT_REVOKED,CONSENT_REVOKED,CONSENT_REVOKED,CONSENT_REVOKED,CONSENT_REVOKED,CONSENT_REVOKED,CONSENT_REVOKED
696abdb3c85f3dd2a8413238,5ec44da606cb7931f04a35e9,RETURNED,Not Applicable,2026-01-16T22:37:42.758000Z,,,,,,7970,CONSENT_REVOKED,CONSENT_REVOKED,CONSENT_REVOKED,CONSENT_REVOKED,CONSENT_REVOKED,CONSENT_REVOKED,CONSENT_REVOKED,CONSENT_REVOKED,CONSENT_REVOKED
696abdc169c8b04cacbfc77c,6691bc059b0182b0bdd7d682,RETURNED,Not Applicable,2026-01-16T22:48:00.008000Z,,,,,,6759,CONSENT_REVOKED,CONSENT_REVOKED,CONSENT_REVOKED,CONSENT_REVOKED,CONSENT_REVOKED,CONSENT_REVOKED,CONSENT_REVOKED,CONSENT_REVOKED,CONSENT_REVOKED
696abdc1d3c28b9bdb6cb917,58d4c4c287b2420001263b6a,RETURNED,Not Applicable,2026-01-16T22:37:58.166000Z,,,,,,5878,CONSENT_REVOKED,CONSENT_REVOKED,CONSENT_REVOKED,CONSENT_REVOKED,CONSENT_REVOKED,CONSENT_REVOKED,CONSENT_REVOKED,CONSENT_REVOKED,CONSENT_REVOKED
696abe36c2cc61d7b0a3db04,670453b0d93209a1e156916d,RETURNED,Not Applicable,2026-01-16T22:40:03.234000Z,,,,,,2925,CONSENT_REVOKED,CONSENT_REVOKED,CONSENT_REVOKED,CONSENT_REVOKED,CONSENT_REVOKED,CONSENT_REVOKED,CONSENT_REVOKED,CONSENT_REVOKED,CONSENT_REVOKED
696abe4a1a5fa264aa2cea00,6720c26f12695d0297414d2d,RETURNED,Not Applicable,2026-01-16T22:47:49.439000Z,,,,,,4064,CONSENT_REVOKED,CONSENT_REVOKED,CONSENT_REVOKED,CONSENT_REVOKED,CONSENT_REVOKED,CONSENT_REVOKED,CONSENT_REVOKED,CONSENT_REVOKED,CONSENT_REVOKED
696abea2acc9f474e3f02de2,5e9f3f09ccc75a0c345e4845,RETURNED,Not Applicable,2026-01-16T22:41:44.272000Z,,,,,,14519,CONSENT_REVOKED,CONSENT_REVOKED,CONSENT_REVOKED,CONSENT_REVOKED,CONSENT_REVOKED,CONSENT_REVOKED,CONSENT_REVOKED,CONSENT_REVOKED,CONSENT_REVOKED
696abebfd203a82d2c6e80d0,668265e5f8d4c349bef71b63,RETURNED,Not Applicable,,,,,,,1025,CONSENT_REVOKED,CONSENT_REVOKED,CONSENT_REVOKED,CONSENT_REVOKED,CONSENT_REVOKED,CONSENT_REVOKED,CONSENT_REVOKED,CONSENT_REVOKED,CONSENT_REVOKED
696abedd57adc4ebf86624b3,601cbb3526aa517be4a924ce,RETURNED,Not Applicable,2026-01-16T22:42:43.810000Z,,,,,,5525,CONSENT_REVOKED,CONSENT_REVOKED,CONSENT_REVOKED,CONSENT_REVOKED,CONSENT_REVOKED,CONSENT_REVOKED,CONSENT_REVOKED,CONSENT_REVOKED,CONSENT_REVOKED
696abeeec31e20f35b0f3c96,6727931ccaf92e0d2351962b,RETURNED,Not Applicable,2026-01-16T22:42:57.395000Z,,,,,,4082,CONSENT_REVOKED,CONSENT_REVOKED,CONSENT_REVOKED,CONSENT_REVOKED,CONSENT_REVOKED,CONSENT_REVOKED,CONSENT_REVOKED,CONSENT_REVOKED,CONSENT_REVOKED
696abefb16ad3a20c40c9b48,6743e31b8d80b64c6fad696f,RETURNED,Not Applicable,2026-01-16T22:48:59.489000Z,,,,,,2246,CONSENT_REVOKED,CONSENT_REVOKED,CONSENT_REVOKED,CONSENT_REVOKED,CONSENT_REVOKED,CONSENT_REVOKED,CONSENT_REVOKED,CONSENT_REVOKED,CONSENT_REVOKED
696abf9cd15f44aa7ce66750,652809036a4ca0c161cda6e7,RETURNED,Not Applicable,2026-01-16T22:45:53.255000Z,,,,,,1710,CONSENT_REVOKED,CONSENT_REVOKED,CONSENT_REVOKED,CONSENT_REVOKED,CONSENT_REVOKED,CONSENT_REVOKED,CONSENT_REVOKED,CONSENT_REVOKED,CONSENT_REVOKED
696abfce9a0d9caba5d739d8,60dfd857e293a99dd577f4c8,RETURNED,Not Applicable,2026-01-16T22:46:45.133000Z,,,,,,13042,CONSENT_REVOKED,CONSENT_REVOKED,CONSENT_REVOKED,CONSENT_REVOKED,CONSENT_REVOKED,CONSENT_REVOKED,CONSENT_REVOKED,CONSENT_REVOKED,CONSENT_REVOKED
696ac038349fe687d3eb4191,5d49a0b751695e0001a188a8,RETURNED,Not Applicable,2026-01-16T22:48:28.275000Z,,,,,,12119,CONSENT_REVOKED,CONSENT_REVOKED,CONSENT_REVOKED,CONSENT_REVOKED,CONSENT_REVOKED,CONSENT_REVOKED,CONSENT_REVOKED,CONSENT_REVOKED,CONSENT_REVOKED
696ac11414a0d155c94ef715,62c4dbae8fb1ff9cd93a3150,REJECTED,Not Applicable,2026-01-16T22:52:07.769000Z,2026-01-16T22:57:05.880000Z,2026-01-17T01:10:10.653000Z,2026-01-16T22:57:06.485000Z,299.0,NOCODE,9374,CONSENT_REVOKED,CONSENT_REVOKED,CONSENT_REVOKED,CONSENT_REVOKED,CONSENT_REVOKED,CONSENT_REVOKED,CONSENT_REVOKED,CONSENT_REVOKED,CONSENT_REVOKED
696ac12186d3e4ebdd47ea9e,6616d9fdba3ae8945cba4a08,RETURNED,Not Applicable,2026-01-16T22:55:05.130000Z,,,,,,3640,CONSENT_REVOKED,CONSENT_REVOKED,CONSENT_REVOKED,CONSENT_REVOKED,CONSENT_REVOKED,CONSENT_REVOKED,CONSENT_REVOKED,CONSENT_REVOKED,CONSENT_REVOKED
696ac13186d3e4ebdd47eaa1,656ea0d1171b158205065fbb,RETURNED,Not Applicable,2026-01-16T22:52:38.837000Z,,,,,,4942,CONSENT_REVOKED,CONSENT_REVOKED,CONSENT_REVOKED,CONSENT_REVOKED,CONSENT_REVOKED,CONSENT_REVOKED,CONSENT_REVOKED,CONSENT_REVOKED,CONSENT_REVOKED
696ac19e7f49ddd570a50b79,674ccb6d3e0f8aad13b7b885,RETURNED,Not Applicable,2026-01-16T23:05:00.023000Z,,,,,,429,CONSENT_REVOKED,CONSENT_REVOKED,CONSENT_REVOKED,CONSENT_REVOKED,CONSENT_REVOKED,CONSENT_REVOKED,CONSENT_REVOKED,CONSENT_REVOKED,CONSENT_REVOKED
696ac1f2bdf2593b8c787775,5f35a7bf2d5fa01a8f08bbfb,RETURNED,Not Applicable,2026-01-16T22:55:49.924000Z,,,,,,3636,CONSENT_REVOKED,CONSENT_REVOKED,CONSENT_REVOKED,CONSENT_REVOKED,CONSENT_REVOKED,CONSENT_REVOKED,CONSENT_REVOKED,CONSENT_REVOKED,CONSENT_REVOKED
696ac202cedc56d2024c202e,66dceb449e0e3f3b1f239b3b,RETURNED,Not Applicable,2026-01-16T22:56:11.502000Z,,,,,,1305,CONSENT_REVOKED,CONSENT_REVOKED,CONSENT_REVOKED,CONSENT_REVOKED,CONSENT_REVOKED,CONSENT_REVOKED,CONSENT_REVOKED,CONSENT_REVOKED,CONSENT_REVOKED
696ac20b35b13f07079d5ebb,5ec5a42a646f515ef0e3f68b,RETURNED,Not Applicable,2026-01-16T22:56:14.855000Z,,,,,,12781,CONSENT_REVOKED,CONSENT_REVOKED,CONSENT_REVOKED,CONSENT_REVOKED,CONSENT_REVOKED,CONSENT_REVOKED,CONSENT_REVOKED,CONSENT_REVOKED,CONSENT_REVOKED
696ac21db07ff06bec692454,5d1511f1e814b800016108a6,RETURNED,Not Applicable,2026-01-16T23:00:12.527000Z,,,,,,13488,CONSENT_REVOKED,CONSENT_REVOKED,CONSENT_REVOKED,CONSENT_REVOKED,CONSENT_REVOKED,CONSENT_REVOKED,CONSENT_REVOKED,CONSENT_REVOKED,CONSENT_REVOKED
696ac221b6d6dea7b447caed,65fb580ab7fbb2d518ee8eaa,RETURNED,Not Applicable,2026-01-16T23:07:00.024000Z,,,,,,5412,CONSENT_REVOKED,CONSENT_REVOKED,CONSENT_REVOKED,CONSENT_REVOKED,CONSENT_REVOKED,CONSENT_REVOKED,CONSENT_REVOKED,CONSENT_REVOKED,CONSENT_REVOKED
696ac376744682b95d2f8d01,67f2f50db04c6020f9118450,RETURNED,Not Applicable,2026-01-16T23:09:48.091000Z,,,,,,1073,CONSENT_REVOKED,CONSENT_REVOKED,CONSENT_REVOKED,CONSENT_REVOKED,CONSENT_REVOKED,CONSENT_REVOKED,CONSENT_REVOKED,CONSENT_REVOKED,CONSENT_REVOKED
696ac3f3cc95a832d93b4ebf,60e8a63f733f423be3da1846,RETURNED,Not Applicable,2026-01-16T23:04:25.414000Z,,,,,,2583,CONSENT_REVOKED,CONSENT_REVOKED,CONSENT_REVOKED,CONSENT_REVOKED,CONSENT_REVOKED,CONSENT_REVOKED,CONSENT_REVOKED,CONSENT_REVOKED,CONSENT_REVOKED
696ac407ccbd91ea5a79dd6a,674266199489985e76725087,RETURNED,Not Applicable,2026-01-16T23:04:44.045000Z,,,,,,1375,CONSENT_REVOKED,CONSENT_REVOKED,CONSENT_REVOKED,CONSENT_REVOKED,CONSENT_REVOKED,CONSENT_REVOKED,CONSENT_REVOKED,CONSENT_REVOKED,CONSENT_REVOKED
696ac4ab90f2123351b9d2d5,5884593bd920ed0001fdccb4,RETURNED,Not Applicable,2026-01-16T23:07:27.447000Z,,,,,,9197,CONSENT_REVOKED,CONSENT_REVOKED,CONSENT_REVOKED,CONSENT_REVOKED,CONSENT_REVOKED,CONSENT_REVOKED,CONSENT_REVOKED,CONSENT_REVOKED,CONSENT_REVOKED
696ac5156de88ba633278749,651090beae417ded35c4ef2f,RETURNED,Not Applicable,2026-01-16T23:09:09.124000Z,,,,,,6925,CONSENT_REVOKED,CONSENT_REVOKED,CONSENT_REVOKED,CONSENT_REVOKED,CONSENT_REVOKED,CONSENT_REVOKED,CONSENT_REVOKED,CONSENT_REVOKED,CONSENT_REVOKED
696ac5ac5e044f30fe30391f,634e1076f43266192b130e13,RETURNED,Not Applicable,2026-01-16T23:11:40.224000Z,,,,,,5685,CONSENT_REVOKED,CONSENT_REVOKED,CONSENT_REVOKED,CONSENT_REVOKED,CONSENT_REVOKED,CONSENT_REVOKED,CONSENT_REVOKED,CONSENT_REVOKED,CONSENT_REVOKED
696ac8b6e22d3da5c03dd1e6,6110db88c7cfdd69964de753,RETURNED,Not Applicable,2026-01-16T23:24:41.925000Z,,,,,,1564,CONSENT_REVOKED,CONSENT_REVOKED,CONSENT_REVOKED,CONSENT_REVOKED,CONSENT_REVOKED,CONSENT_REVOKED,CONSENT_REVOKED,CONSENT_REVOKED,CONSENT_REVOKED
696acb8de4540c7703f29144,572bcf0d34b25a000edd2cf1,RETURNED,Not Applicable,2026-01-16T23:36:48.416000Z,,,,,,6373,CONSENT_REVOKED,CONSENT_REVOKED,CONSENT_REVOKED,CONSENT_REVOKED,CONSENT_REVOKED,CONSENT_REVOKED,CONSENT_REVOKED,CONSENT_REVOKED,CONSENT_REVOKED
696acd66a5fdaf08b4e0cf79,5e07a0898dffa00ff1aaf60f,RETURNED,Not Applicable,2026-01-16T23:44:38.368000Z,,,,,,10591,CONSENT_REVOKED,CONSENT_REVOKED,CONSENT_REVOKED,CONSENT_REVOKED,CONSENT_REVOKED,CONSENT_REVOKED,CONSENT_REVOKED,CONSENT_REVOKED,CONSENT_REVOKED
696acdb276fb0bf53aa767b4,65c18c789a79785086046517,RETURNED,Not Applicable,2026-01-16T23:45:58.354000Z,,,,,,3934,CONSENT_REVOKED,CONSENT_REVOKED,CONSENT_REVOKED,CONSENT_REVOKED,CONSENT_REVOKED,CONSENT_REVOKED,CONSENT_REVOKED,CONSENT_REVOKED,CONSENT_REVOKED
696ad30452bb94298a2c3aa5,6756552aee105de328a381b2,RETURNED,Not Applicable,2026-01-17T00:08:39.522000Z,,,,,,1018,CONSENT_REVOKED,CONSENT_REVOKED,CONSENT_REVOKED,CONSENT_REVOKED,CONSENT_REVOKED,CONSENT_REVOKED,CONSENT_REVOKED,CONSENT_REVOKED,CONSENT_REVOKED
696ad6479d5ac244f83c9b34,608bfa04767191aa4d57bfd8,RETURNED,Not Applicable,2026-01-17T00:22:34.783000Z,,,,,,18314,CONSENT_REVOKED,CONSENT_REVOKED,CONSENT_REVOKED,CONSENT_REVOKED,CONSENT_REVOKED,CONSENT_REVOKED,CONSENT_REVOKED,CONSENT_REVOKED,CONSENT_REVOKED
696ad8663de9af6a9abc43e6,60fdc73e9fc2f113dc1ff96d,RETURNED,Not Applicable,2026-01-17T00:31:36.828000Z,,,,,,10364,CONSENT_REVOKED,CONSENT_REVOKED,CONSENT_REVOKED,CONSENT_REVOKED,CONSENT_REVOKED,CONSENT_REVOKED,CONSENT_REVOKED,CONSENT_REVOKED,CONSENT_REVOKED
696ae5bbbf3c276bf56c74d5,673b8d1448db4a031a4a90b2,RETURNED,Not Applicable,2026-01-17T01:28:34.935000Z,,,,,,3387,CONSENT_REVOKED,CONSENT_REVOKED,CONSENT_REVOKED,CONSENT_REVOKED,CONSENT_REVOKED,CONSENT_REVOKED,CONSENT_REVOKED,CONSENT_REVOKED,CONSENT_REVOKED
